{"eval/return":3135.64277885437,"train/critic_loss":0.14952886700630189,"_step":39317504,"train/return":2314.0196196603774,"_wandb":{"runtime":1098},"_runtime":1098.91751525,"train/critic_update_times":76691,"train/actor_update_times":38669,"_timestamp":1.7406319864947588e+09,"eval/episode_length":495.3,"train/actor_loss":-5.100719356536866,"train/global_steps":39317504,"train/episode_length":443.93}